{"information": {"./Iconart/images/valid/010jerox_c4f0_jpg.rf.72088c3cfc7b5319eaf48dd3d30e695f.jpg": {"shape": [416, 416], "labels": [[11.0, 0.3701923191547394, 0.5901442170143127, 0.36899039149284363, 0.6646634340286255]]}, "./Iconart/images/valid/099jerox_39dc_jpg.rf.bfdde36de1abe34d54f7188e7f9267cd.jpg": {"shape": [416, 416], "labels": [[11.0, 0.36057692766189575, 0.6646634340286255, 0.4086538553237915, 0.4194711446762085], [2.0, 0.4579326808452606, 0.6502403616905212, 0.15264423191547394, 0.12980769574642181]]}, "./Iconart/images/valid/11fieso3_b1ca_jpg.rf.77d42728503ed02bf9ef2710a6bc1fc3.jpg": {"shape": [416, 416], "labels": [[11.0, 0.510817289352417, 0.47836539149284363, 0.8293269276618958, 0.8569711446762085], [5.0, 0.4891826808452606, 0.08173076808452606, 0.28125, 0.09735576808452606], [13.0, 0.4483173191547394, 0.5060096383094788, 0.6887019276618958, 0.7271634340286255], [2.0, 0.5625, 0.38461539149284363, 0.2367788404226303, 0.11057692021131516]]}, "./Iconart/images/valid/13jerome_f141_jpg.rf.a9d5b1d7a9121d8e7736903976b78fe3.jpg": {"shape": [416, 416], "labels": [[11.0, 0.48557692766189575, 0.44951921701431274, 0.4951923191547394, 0.8449519276618958]]}, "./Iconart/images/valid/1north5_8f9f_jpg.rf.201ee38e759b262a7c753360917f016a.jpg": {"shape": [416, 416], "labels": [[3.0, 0.8004807829856873, 0.7632211446762085, 0.2584134638309479, 0.4399038553237915], [4.0, 0.765625, 0.5877403616905212, 0.4615384638309479, 0.3076923191547394], [7.0, 0.5, 0.3545673191547394, 0.9903846383094788, 0.3545673191547394], [10.0, 0.4711538553237915, 0.7632211446762085, 0.10817307978868484, 0.3677884638309479], [10.0, 0.36899039149284363, 0.7836538553237915, 0.17788460850715637, 0.3978365361690521], [10.0, 0.26442307233810425, 0.7836538553237915, 0.12139423191547394, 0.40264421701431274], [10.0, 0.08173076808452606, 0.7932692170143127, 0.16225960850715637, 0.36298078298568726]]}, "./Iconart/images/valid/20east_5a3c_jpg.rf.9efbb0f188a18acc1f5f8a9b1c3f6049.jpg": {"shape": [416, 416], "labels": [[11.0, 0.6911057829856873, 0.667067289352417, 0.3798076808452606, 0.5901442170143127]]}, "./Iconart/images/valid/21west_e4fa_jpg.rf.583f026de8031c5bc5ecde684e5546f7.jpg": {"shape": [416, 416], "labels": [[11.0, 0.25120192766189575, 0.5072115659713745, 0.46514421701431274, 0.9747596383094788], [11.0, 0.7536057829856873, 0.7271634340286255, 0.46875, 0.5348557829856873]]}, "./Iconart/images/valid/2edge1_32cf_jpg.rf.9d2122a48e22b968802cf6cc777fcfeb.jpg": {"shape": [416, 416], "labels": [[11.0, 0.7740384340286255, 0.625, 0.16706730425357819, 0.2896634638309479]]}, "./Iconart/images/valid/30east_7e1f_jpg.rf.d14354a0990c974f13c190f7b054b28d.jpg": {"shape": [416, 416], "labels": [[11.0, 0.7716346383094788, 0.7319711446762085, 0.3617788553237915, 0.5]]}, "./Iconart/images/valid/annuncia_6fa2_jpg.rf.754e20ed5806e9f36539970ba4ba8c1f.jpg": {"shape": [416, 416], "labels": [[9.0, 0.7584134340286255, 0.5685096383094788, 0.3677884638309479, 0.7728365659713745], [0.0, 0.21033653616905212, 0.546875, 0.40504807233810425, 0.8100961446762085]]}, "./Iconart/images/valid/arezzo3_dc4a_jpg.rf.ed10b83cb84f38caf9d8147529c71a2f.jpg": {"shape": [416, 416], "labels": [[11.0, 0.41826921701431274, 0.620192289352417, 0.5973557829856873, 0.6502403616905212], [5.0, 0.3617788553237915, 0.3461538553237915, 0.20793269574642181, 0.07211538404226303], [2.0, 0.38701921701431274, 0.5408653616905212, 0.3076923191547394, 0.09254807978868484]]}, "./Iconart/images/valid/armadio5_d203_jpg.rf.f8020510665c626494932bcee8b3c2a7.jpg": {"shape": [416, 416], "labels": [[9.0, 0.6526442170143127, 0.3858173191547394, 0.2728365361690521, 0.5480769276618958], [1.0, 0.6394230723381042, 0.2944711446762085, 0.08052884787321091, 0.17548076808452606], [11.0, 0.17307692766189575, 0.6310096383094788, 0.3149038553237915, 0.6177884340286255]]}, "./Iconart/images/valid/baptist_5c0e_jpg.rf.0239269b5dcb23fcee999e6891479b27.jpg": {"shape": [416, 416], "labels": [[11.0, 0.35576921701431274, 0.48557692766189575, 0.6838942170143127, 0.9050480723381042], [4.0, 0.8353365659713745, 0.8569711446762085, 0.171875, 0.28485578298568726], [2.0, 0.3329326808452606, 0.7932692170143127, 0.3365384638309479, 0.15745192766189575]]}, "./Iconart/images/valid/christ_c_9f57_jpg.rf.1218c76cd8139b246301d1775d449d42.jpg": {"shape": [416, 416], "labels": [[3.0, 0.49038460850715637, 0.4915865361690521, 0.828125, 0.6574519276618958], [4.0, 0.5, 0.5012019276618958, 0.817307710647583, 0.9879807829856873]]}, "./Iconart/images/valid/cortona3_029d_jpg.rf.64b79f820325b72af42fb087e36d8951.jpg": {"shape": [416, 416], "labels": [[3.0, 0.48798078298568726, 0.4266826808452606, 0.3149038553237915, 0.40985578298568726], [9.0, 0.2764423191547394, 0.629807710647583, 0.33774039149284363, 0.34375], [11.0, 0.7115384340286255, 0.6274038553237915, 0.3329326808452606, 0.42788460850715637], [4.0, 0.48557692766189575, 0.16346153616905212, 0.34014421701431274, 0.17067307233810425]]}, "./Iconart/images/valid/cortona5_0d11_jpg.rf.9873dbd583e0f8d450ced3048606dda4.jpg": {"shape": [416, 416], "labels": [[9.0, 0.551682710647583, 0.5240384340286255, 0.38701921701431274, 0.698317289352417]]}, "./Iconart/images/valid/holy_fam_24ef_jpg.rf.ac8a467a06d951601e5166a243dfddea.jpg": {"shape": [416, 416], "labels": [[9.0, 0.4663461446762085, 0.5540865659713745, 0.6069711446762085, 0.8377403616905212], [1.0, 0.375, 0.3617788553237915, 0.3413461446762085, 0.2920673191547394], [11.0, 0.823317289352417, 0.33173078298568726, 0.3413461446762085, 0.32692307233810425]]}, "./Iconart/images/valid/holy_fam_b857_jpg.rf.6388f24b90fedeba63b591b3fdf62252.jpg": {"shape": [416, 416], "labels": [[9.0, 0.34495192766189575, 0.5, 0.5877403616905212, 0.854567289352417], [1.0, 0.6225961446762085, 0.7680288553237915, 0.5084134340286255, 0.4447115361690521]]}, "./Iconart/images/valid/holyfami_8fe9_jpg.rf.6e97b7c1e439319ee34479247e0201c5.jpg": {"shape": [416, 416], "labels": [[11.0, 0.78125, 0.7175480723381042, 0.26923078298568726, 0.4447115361690521], [9.0, 0.6790865659713745, 0.3990384638309479, 0.3725961446762085, 0.42788460850715637], [1.0, 0.4615384638309479, 0.3485576808452606, 0.3149038553237915, 0.2572115361690521]]}, "./Iconart/images/valid/holyfami_987f_jpg.rf.d4b43e994c6c35f4a60e67a5654f58d9.jpg": {"shape": [416, 416], "labels": [[11.0, 0.27764421701431274, 0.25961539149284363, 0.5036057829856873, 0.4795673191547394], [9.0, 0.510817289352417, 0.5685096383094788, 0.9711538553237915, 0.8425480723381042], [1.0, 0.31610578298568726, 0.4975961446762085, 0.49639421701431274, 0.2704326808452606]]}, "./Iconart/images/valid/jerome03_65fa_jpg.rf.3c4cdcd811ca5f81757c8d6c7875be67.jpg": {"shape": [416, 416], "labels": [[11.0, 0.5805288553237915, 0.5612980723381042, 0.09975961595773697, 0.40264421701431274]]}, "./Iconart/images/valid/madchild_d21a_jpg.rf.46296ed9378d9102cb853c3449c1819d.jpg": {"shape": [416, 416], "labels": [[11.0, 0.2608173191547394, 0.6658653616905212, 0.22716346383094788, 0.44711539149284363], [1.0, 0.7584134340286255, 0.6550480723381042, 0.2367788404226303, 0.4194711446762085], [9.0, 0.48076921701431274, 0.5120192170143127, 0.3834134638309479, 0.5396634340286255], [1.0, 0.551682710647583, 0.4507211446762085, 0.24158653616905212, 0.2319711595773697]]}, "./Iconart/images/valid/madonna_d295_jpg.rf.f1c9b9578e7bcb5ed2004ed5e0b66525.jpg": {"shape": [416, 416], "labels": [[11.0, 0.520432710647583, 0.5432692170143127, 0.46754807233810425, 0.8377403616905212], [11.0, 0.17788460850715637, 0.3461538553237915, 0.3485576808452606, 0.3725961446762085], [11.0, 0.8774038553237915, 0.4867788553237915, 0.24519230425357819, 0.6069711446762085], [11.0, 0.16225960850715637, 0.6875, 0.3040865361690521, 0.5997596383094788], [1.0, 0.5769230723381042, 0.47235578298568726, 0.3413461446762085, 0.34014421701431274]]}, "./Iconart/images/valid/madsainx_3fe1_jpg.rf.5a822acb2314e70d7de4e2e3bb2e28be.jpg": {"shape": [416, 416],